Titulo,Precio
Gafas de Sol para Niños - Colección Kids - Montura Cher - Fabricadas en Policarbonato - Lentes Polarizadas de TAC de Efecto Espejo - Color Gris - 125x45 mm,"19,90"
Gafas de Sol para Hombre y Mujer - Montura Itsy-Bitsy - Fabricadas en Policarbonato - Lentes de TAC de Categoría 3 de Protección Europea - Rojo - 145x47 mm,"44,90"
Chaleco de seguridad reflectante de alta visibilidad de 12 colores,"12,27"
Yajimsa Bolsa de Almacenamiento de Utensilios de Camping | Organizador de Almacenamiento para Acampar | Mini Bolsa de Almacenamiento para Acampar Espacio Amplio para Almacenamiento de categoría,"9,43"
"Graceful Get Connected, Zapatillas Mujer","43,99"
"Combi Camiseta Manga Corta, Hombre","6,99"
"Housemark Polo, T-Shirt para Hombre","27,30"
"Calcetines Hombre Ligero - Paquete de 6 - Calcetines Ropa Deportiva Hombre, Cómodos, Durables","9,90"
"Cinturón Canvas Unisex, Cinturón para Hombre y Mujer, Correa de Tela, Cinturón de Cuerda sin Agujeros, con Logo en la Hebilla Cuadrada, Distintos Colores","7,02"
"Scholl Party Feet - Almohadillas antideslizantes con tecnología GelActiv para casi todos los zapatos de mujer, 1 par de suelas de gel autoadhesivas","9,06"
Logo Cap - Gorra unisex,"13,35"
"LENCENT Adaptador Enchufe UK, Adaptador de Viaje del Inglaterra [3 Puertos USB+1 Tipo C], Europa español 2-Pin a 3-Pin GB Gran Bretaña para Escocia, Irlanda, Gales, Maldivas, Gran Bretaña (Tipo G)","15,99"
Gafas de sol ONE LS para hombre y mujer,"31,60"
"Seda Antifaz para Dormir, Gritin Diseño Suave & Cómodo 100% Anti-Luz Seda Natural Máscara con Correa y Tapón para Los Oídos para Hombres, Mujeres y Niños","9,99"
Nobel - Pantalones Cortos Hombre,"6,49"
"Cartera Hombre, Cartera Vertical Cuero de Fibra de Carbono, con RIFD Protección, 13 Ranuras para Tarjetas, con Cremallera, Regalo para Hombre de Navidad, Cumpleaños(Negro y Naranja)","12,91"
Gafas de Sol para Mujer Cuadrada Grandes Con Montura Protección UV400,"15,99"
"Toilet Soporte para Tacos,Rejilla para Hornear Taco Shell - Estante Seguro de la microonda de la Bandeja de la porción del Taco del silicón de la categoría alimenticia de la Forma de W para la Mesa","14,39"
Mashin Bolsa de Almacenamiento de Utensilios de Cocina para Acampar - Mini Bolsa de Almacenamiento para Acampar - Almacenamiento de categoría de Bolso utilitario y asa cómoda para Picnic y Camping,"9,29"
"Wukesify Almacenamiento de Utensilios de Cocina para Acampar,Bolsa utilitaria Camping | Almacenamiento de categoría de Bolso utilitario y asa cómoda para Picnic y Camping","9,19"
Brennenstuhl adaptador de enchufe de viaje para GB / enchufe britanico (adaptador para enchufar dispositivos inglés en en el sistema de conector de tierra) negro,"6,29"
HH Logo T-Shirt Bohemio Hombre,"18,99"
Aukru 3X Adaptador de Enchufe Europeo EU Europa ESPAÑA a EE.UU/Americano/US/China/Japón/Canadá/México...,"5,99"
Squad 21 SHO - Shorts Hombre,"13,99"
mochila viaje cabina avion 45x36X20 mujer ryanair bolsas de cabina 40x30x20 para vueling Cabina para EasyJet Equipaje de Mano ryanair Mochila de Senderismo mochila impermeable hombre,"42,99"
Heatgear Low Cut 3pk Calcetines Unisex adulto (Pack de 3),"6,99"
Pendiente aro Pandora 297205EN168 mujer plata Plumas Espirituales,"29,00"
"Calzoncillos Hombre Boxer 100% Algodón, Ropa Interior Hombre, Sostenible, Natural (Lote de 5)","15,90"
Levis 168sf Low Cut 3p Calcetines para Hombre,"7,00"
4 Pares Pezoneras Redondas de Silicona Pegatinas Suaves para Mujer Cubierta de Pezón Adhesiva Reutilizable Invisible Tapas de Pezones Impermeables,"9,99"
"Newaner Almohada de Viaje Viscoelástica de Espuma, Almohada de Memoria, Almohada ortopédica Cervical para Avión Tren Coche Viajando con máscara de Ojos y Tapones para los oídos(Gris)","14,99"
Adaptador Enchufe De Viaje Universal Enchufe Adaptador Internacional con Dos Puertos USB para Japón China Canadá USA EU UK AU Acerca De 150 Países para Navidad (Negro),"14,99"
Pratvider Almacenamiento de Utensilios de Cocina para Acampar | Bolsa de Almacenamiento para Acampar | Almacenamiento de categoría de Bolso utilitario y asa cómoda para Picnic y Camping,"11,49"
Clomuzi Almacenamiento de Utensilios de Cocina para Acampar - Bolsas de Almacenamiento para Acampar - Mini Bolsa de Almacenamiento para Acampar Espacio Amplio para Almacenamiento de categoría,"11,29"
"Rurbeder Bolsa de Almacenamiento de Utensilios de Cocina para Acampar - Bolsas de Almacenamiento para Acampar,Almacenamiento de categoría de Bolso utilitario y asa cómoda para Picnic y Camping","9,62"
"Lecerrot Bolsa de Almacenamiento de Utensilios de Cocina para Acampar,Bolsa de Almacenamiento para Acampar - Caja de Camping Categoría de habitación espaciosa Almacenamiento para Picnic, Camping","6,54"
12 Pares Calcetines Tobilleros Hombre y Calcetines Tobilleros Mujer - Calcetines Mujer y Calcetines Hombre de Algodón Invisibles y Transpirables,"15,99"
"Adilette Aqua, Slides Unisex Adulto","19,19"
Camiseta combi para hombre,"3,91"
"TESSAN Adaptador Enchufe de Viaje Universal, Internacional Adaptador Enchufes con 4 USB, Cargador Universal para EU, Reino Unido, Americano, Canadá, Australia y Otros países","21,09"
Academy IV Camiseta Hombre,"7,49"
"Smash V2 L, Zapatillas Deportivas Niños","29,95"
Manhattan Stowaway 40x25x20cm – Maleta de Cabina para Ryanair 40x20x25 Maleta de Viaje Barata Nuevas Regulaciones sobre Equipaje Gratuito en Vuelos de Ryanair (Red Detail),"39,95"
Swoosh Head Bands,"7,99"
"VOUNOT Carrito Compra Plegable de Aluminio, Carro de la Compra 6 Ruedas con Bolsa Impermeable Desmontable, 50L, Negro","31,28"
"Vicloon Mini Paraguas del Sol,Paraguas de Viaje Portátil con Diseño de Esqueleto Mejorado y 210T Negro Tela de Goma, Paraguas Plegables y Compacto Resistencia UV & Impermeable (Blanco)","11,59"
"Reloj Casio A158WA-1CR, Reloj para Hombre A158WEA-1EF","30,00"
"Loop Quiet - Tapones Oídos para dormir – Protección Auditiva de Silicona Suave Reutilizables + 8 Puntas para los Oidos en XS/S/M/L - Reducción Sonido 27dB - Antiruido, Estudiar - Negro","19,95"
"2750 COTU Classic, Zapatillas de Gimnasia Hombre","25,15"
"After Sun Gel Cooling Aloe - Gel After Sun de Aloe Vera para piel irritada por el sol, hipoalergénico y dermatológicamente probado, formato 200 ml","6,99"
"Adaptador Tomada de viagem Adaptador de viagem Tomada Adaptador Internacional com duas portas USB para o Japão China Canadá EUA/UE/AU Cerca de 150 países para o Natal telemóveis, Tablets","9,59"
"LENCENT Adaptador Enchufe USA, Adaptador Americano de Viaje 3 Puertos USB y 1 Tipo C, Europa español 2-Pin a 3-Pin EEUU para Mexico, Canada, Tailandia, Perú, Colombia,Tipo B","15,99"
2 Pares Mangas para Brazo Elásticas Mangas Brazo Manguitos Mangas de Protección UV Mangas Enfriamiento Transpirables Manga Protectora Solar para Deportes Ciclismo Mujeres y Hombres,"5,99"
Fusion Gafas de sol Unisex adulto,"29,99"
"Bolsa Cintura Táctica, Bolso Cinturón Táctica Militar Compacta 1000D Nylon para Herramientas Pequeñas de Multiusos Teléfono Móvil al Aire Libre Deportes Senderismo y Camping, con Mosquetón","7,64"
"Bolso bandolera, Bandolera rafia, Bandolera mujer, Bandolera playa, Susana Beige","25,03"
NIKE,"24,11"
"Correa Mi Band, Correa Compatible con Pulsera Xiaomi Mi Band 5/6 / 7/4 / 3, Suave Silicona Nailon Acero Inoxidable Correa de Repuesto, Resistente al Sudor Pulseras de Repuesto","5,19"
Maxell 5 x SR626SW SR626 AG4 377 1.55v Watch Batteries by,"3,45"
MYCARBON Escala del Equipaje Digital 110 LB / 50 kg Capacidad Peso Maletas Báscula LCD Portátil Báscula Maletas Viaje (Blanco),"11,04"
Gafas de Sol para Niños - Colección Kids - Montura Cher - Fabricadas en Policarbonato - Lentes Polarizadas de TAC de Efecto Espejo - Color Gris - 125x45 mm,"19,90"
Gafas de Sol para Hombre y Mujer - Montura Itsy-Bitsy - Fabricadas en Policarbonato - Lentes de TAC de Categoría 3 de Protección Europea - Rojo - 145x47 mm,"44,90"
Chaleco de seguridad reflectante de alta visibilidad de 12 colores,"12,27"
Yajimsa Bolsa de Almacenamiento de Utensilios de Camping | Organizador de Almacenamiento para Acampar | Mini Bolsa de Almacenamiento para Acampar Espacio Amplio para Almacenamiento de categoría,"9,43"
"9 piezas de extensor de sujetador (Conjunto) tiene el tipo de 3 ganchos y otro tipo de 2 ganchos, suave & cómodo, Extensores de Sujetador de mujer, Negro, Blanco & Beige","4,99"
Faja San Fermin,"3,49"
"20 Piezas Correas Compatible con Xiaomi Mi Band 7 / Xiaomi Mi Band 6 / Xiaomi Mi Band 5 / Amazfit Band 5, Recambio Correa (20 Colores)","9,34"
"Amazon Basic Care - Plantillas de carbón activado, Verde, 3 pares (Talla 22-46)","12,93"
"15 Piezas Correa Mi Band 6 Pulsera Compatible para Xiaomi Mi Band 5 & Amazfit Band 5, Colorido Suave Silicona Reloj Recambio Brazalete Impermeable Correa para Mi Band 5/MiBand 6/Amazfit Band 5","9,99"
Teamgoal 23 Gym Sack Bolsa De Cuerdas Unisex adulto (Pack de 1),"9,95"
