Titulo,Vendedor
"1200Mbps de doble banda inalámbrico WiFi adaptador de tarjeta de escritorio 802.11AC para Bluetooth 4,0 PCIE WiFi adaptador 2,4 Ghz/5Ghz para Win 7 8 10",Factory Direct Collected Store
"Ratón inalámbrico para ordenador portátil y PC, periférico silencioso con retroiluminación LED, ergonómico, recargable por RGB, Bluetooth",DAKAIYANJIE-3 Store
"PUSKILL-Memoria Ram para portátil, DDR4, DDR3L, 16GB, 8GB, 4GB, 32GB, 3200, 2666, 2400, 1600, 1333, Sodimm",Factory Direct Collected Store
"Ratón inalámbrico para juegos BM600, recargable por USB, 2,4G, luz RGB, panal de abeja, para escritorio, PC, ordenador portátil",Factory Direct Collected Store
"CHANEVE-módem inalámbrico de alta velocidad NR 5G MiFi, punto de acceso WiFi móvil de bolsillo portátil, SA, NSA, LTE, 4G, CAT18, wifi6, ax1200mbps",CHANEVE Official Store
SKIHOTAR DDR3 DDR4 SoDimm Ram Notebook Módulo de memoria DDR3 4GB 8GB 16GB 1333MHZ 1600MHZ 3200MHZ PC4 Memoria RAMS,Cutesliving Store
"4 puertos multi divisor tipo C HUB 3,0 USB 3,1 adaptador OTG para Xiaomi Lenovo Macbook 13 15 Air Pro PC Accesorios de ordenador",FiveSeasons Store
"Pendrive Usb 2023 de alta velocidad, unidad Flash de Metal de 16TB, 4TB, 8TB, portátil, SSD, envío gratis, nuevo, 3,0",Shop1102644606 Store
"Memoria RAM de 1GB, 2GB, 4GB, 8GB, DDR2, 667MHZ, 800MHZ, PC2, 5300S, 6400S, DDR3, 1333MHZ, 1600MHZ, PC3, 10600S, 12800S, SO-DIMM",LDYN Store
"ULTIMEA Proyector 1080P Nativo, Mini Proyector Portatil con 300 ANSI Lúmenes, Proyector Bluetooth Reducido 60% de Ruido, Compatible con TV Stick/ Laptop/ HDMI/ USB para Cine en Casa/al Aire Libre",ULTIMEA Global Store
"Lexar-Pen Drive Original V400 USB 3,0, unidad Flash de alta velocidad, 32GB, 64GB, 128GB, 100 MB/S, para PC/Mac",Lexar Official Store
"Ratón vertical ergonómico 2,4 GHz inalámbrico ratón óptico 3 DPI ajustable 800/1200/1600 6 botones para ordenador portátil PC de escritorio",Shop5370096 Store
"WANSENDA-unidad Flash USB tipo C, Pendrive 2 en 1 OTG de 512GB, 256GB, 128GB, 64GB y 32GB, memoria USB 3,0 para TYPE-C y móvil",WANSENDA China Store
"Adaptador WiFi de 1800Mbps, 6 USB 3,0, 802.11AX, banda Dual, 2,4G/5GHz, Dongle inalámbrico, tarjeta de red RTL8832AU, compatible con Win 10/11, PC",Factory Direct Collected Store
"Tableta pc Industrial táctil todo en uno con pantalla táctil resistiva para Windows 7/10/XP Linux J1800 i3, 10.12.15.7.19 pulgadas",Ukechukong Store
"SomnAmbulist-Pen Drive USB 2,0 de alta velocidad para PC, Mini Pen Drive móvil de 16GB, 32GB, 64GB, 8GB y 4GB, 32GB, 128GB",FiveSeasons Store
"Adaptador de concentrador USB 4/7 de alta velocidad, 2,0 puertos, extensor múltiple con interruptor de lámpara LED para PC y portátil",Factory Global Discount Store
"Unidad Flash de Doble Uso, Dispositivo Creativo con Rotación, 2 en 1, Negro, Artículo para Ordenador, Teléfono Móvil, Negocios, EE. UU., USB Tipo C 2.0, 64 GB",FiveSeasons Store
"Pen Drive de doble aplicación para teléfono, memoria USB de 128gb, 64GB, 32GB, unidades Flash de Metal 2 en 1, Pendrive + adaptador de TYPE-C",MicroSD Store
"Lemorele-Base de cubierta de vapor para consola, accesorios de USB-C a HDMI, PD100W, Gigabit, Ethernet",Lemorele Official Store
"Mini impresora térmica portátil, inalámbrica, BT, 203dpi, Impresión de preguntas incorrectas con Cable USB",MMN Technology Store
"Teclado mecánico con cable LEAVEN K620, 61 teclas, luces RGB, eje verde, ESports, Accesorios para ordenador con personalidad de oficina",Cutesliving Store
"NiiMbot-impresora de etiquetas B1/B203 B21/B3s, papel de etiquetas resistente a los arañazos, resistente al agua y al aceite, Color puro",Ruidida Store
"Unidad flash USB 2,0 64GB, tarjeta de memoria de velocidad, llavero, Bolígrafo De Metal, pendrive, regalos creativos de negocios, dispositivos de almacenamiento",Shop5370096 Store
Kingston FURY DDR3 DDR4 4GB 8GB 16GB 1333MHz 1600MHz 1866MHz 2400MHz 2666MHz 3200MHz memoria RAM DIMM para escritorio,AiteFeir Store
"Mini impresora portátil de impresión térmica sin tinta, impresora de bolsillo, autoadhesiva, de fotos",MMN Technology Store
"SomnAmbulist-Pen Drive USB 2,0 de alta velocidad para PC, Mini Pen Drive móvil de 16GB, 32GB, 64GB, 8GB y 4GB, 32GB, 128GB",FiveSeasons Store
"Walram Memoria Ram portátil Rams módulo de memoria Sodimm DDR4 4GB 8GB 2666MHZ PC4 1,2 V no ECC para Notebook",Cutesliving Store
"Sandisk-Mini unidad Flash USB para teléfono, Pendrive de 128gb, 64gb, 32gb, 16 gb, 32GB, 64gb, 128, 16 gb, 2,0",A1iexpress Choice Store
"Lemorele-estación de acoplamiento de 10 puertos USB tipo C a HDMI Dual, 4K, 30Hz, VGA, adaptador USB 3,0, PD100W, lector de tarjetas SD para MacBook",Lemorele Official Store
"Unidad Flash USB 3,0 de Metal, Pendrive de alta velocidad con logotipo personalizado, 128GB, 8GB, 16GB, 32GB y 64GB, gran oferta",New usb drive Store
Cable adaptador SATA IDE 4Pin macho a 3 puertos SATA hembra Splitter Cable de fuente de alimentación de disco duro Cable SATA 22cm Q1,HF10Case Store
"HUB USB tipo C de alta velocidad, adaptador divisor múltiple de 4 puertos OTG para Lenovo, HUAWEI, Xiaomi, Macbook Pro 15, Air Pro, accesorios",High-technic. Store
"ORICO-Hub USB 3,0 de alta velocidad, 5Gbps, 3 0, múltiples puertos tipo C, adaptador divisor de 4 puertos, OTG",Orico HDD Case Store
"Blackview-Mini PC MP200 Intel, ordenador de escritorio de I5-11400H de 11. ª generación, hasta 4,5 GHz, 16GB, DDR4, 512GB, SSD, Windows 11 Pro, Wifi 6, 4K, DH",BLACKVIEW Official Store
"Adaptador portátil LED de aleación de aluminio PD, conversión de carga rápida tipo c a Magsafe2 para Macbook Air/pro, portátil, teléfono inteligente, nuevo",Shop5408047 Store
"Cable divisor de fuente de alimentación SATA/4PIN de 15 Pines, disco duro de 1 macho a 5 hembra, Cable de alimentación de extensión para PC DIY",Digital Global 3C Store
"Cable extensor USB 3,0, adaptador de extensión de nailon trenzado, 3,3/4,9 pies, para unidad Flash, impresora, ratón, disco duro",Shop1102371420 Store
"Ratón inalámbrico recargable para juegos, Mouse silencioso con Bluetooth, USB, mecánico, e-sports, retroiluminación, PC",Kai Jie Wei Technology Store
"EWIND-interruptor POE de 16/24 puertos, 100M, 2 puertos de enlace ascendente RJ45 de 1000M y ranura SFP de 1 100/1000M, interruptor rápido para cámara IP/AP inalámbrico",EWIND Official Store
"Teclas de teclado mecánico verde Matcha, 124 teclas, sublimación XDA, inglés, japonés, ruso, PBT, para Cherry MX Switch",Uslion Electronic Technology Store
"Antena de doble frecuencia PCB integrada IPX IPEX para WiFi U.FL F C3X8, 2,4G, 5G, 5,8G, envío directo",3cGame Supermarket Store
"Unidad Flash USB de aguacate para niños, Pendrive de 16GB y 8GB, 64GB, 32GB, dibujos animados bonitos, regalos creativos",Shandisk Store
"Mini adaptador divisor giratorio USB 2,0, expansor de transferencia de datos OTG para PC, portátil, MacBook Pro Air, Universal, 3 puertos",Luckybw Store
"Tableta PC Original Pad 6 Pro Snapdragon 870, 12GB, 512GB, Android 12, 11 pulgadas, 10000mAh, 5G, WIFI, Tarjeta SIM Dual",Shop1102878456 Store
"Unidad Flash USB, Pendrive de 128GB, 32Gb, 64GB, dispositivos USB",MicroSD Outlet Store
"Memoria RAM de 8GB y 4GB, DDR3, DDR4, 2666, 2400, 2133MHz, 1,2 V, DIMM, DDR3, 1866, 1600, 1333MHz, 1,5 V, 1,35 V",computer part Store
"USB tipo C Combo USB 3,0, Hub portátil de alta velocidad, 3 puertos, lector de tarjetas todo en uno para SD, TF, ordenador portátil, PC",NOHON Global Store
"Mini pen drive corto de metal 2,0, unidad flash Usb de alta velocidad, 32G/64G/128G, bonito disco de memoria, logotipo personalizado, música de coche",Shop911387129 Store
